,HolidayId,holidayname,HolidayDate
0,1,Christmas,2000-12-25
1,1,Christmas,2001-12-25
2,1,Christmas,2002-12-25
3,1,Christmas,2003-12-25
4,1,Christmas,2004-12-25
5,1,Christmas,2005-12-25
6,1,Christmas,2006-12-25
7,1,Christmas,2007-12-25
8,1,Christmas,2008-12-25
9,1,Christmas,2009-12-25
10,1,Christmas,2010-12-25
11,1,Christmas,2011-12-25
12,1,Christmas,2012-12-25
13,1,Christmas,2013-12-25
14,1,Christmas,2014-12-25
15,1,Christmas,2015-12-25
16,1,Christmas,2016-12-25
17,1,Christmas,2017-12-25
18,1,Christmas,2018-12-25
19,1,Christmas,2019-12-25
20,1,Christmas,2020-12-25
21,2,Easter,2000-04-23
22,2,Easter,2001-04-15
23,2,Easter,2002-03-31
24,2,Easter,2003-04-20
25,2,Easter,2004-04-11
26,2,Easter,2005-03-27
27,2,Easter,2006-04-16
28,2,Easter,2007-04-08
29,2,Easter,2008-03-23
30,2,Easter,2009-04-12
31,2,Easter,2010-04-04
32,2,Easter,2011-04-24
33,2,Easter,2012-04-08
34,2,Easter,2013-03-31
35,2,Easter,2014-04-20
36,2,Easter,2015-04-05
37,2,Easter,2016-03-27
38,2,Easter,2017-04-16
39,2,Easter,2018-04-01
40,2,Easter,2019-04-21
41,2,Easter,2020-04-12
42,3,Fathers Day,2000-06-18
43,3,Fathers Day,2001-06-17
44,3,Fathers Day,2002-06-16
45,3,Fathers Day,2003-06-15
46,3,Fathers Day,2004-06-20
47,3,Fathers Day,2005-06-19
48,3,Fathers Day,2006-06-18
49,3,Fathers Day,2007-06-17
50,3,Fathers Day,2008-06-15
51,3,Fathers Day,2009-06-21
52,3,Fathers Day,2010-06-20
53,3,Fathers Day,2011-06-19
54,3,Fathers Day,2012-06-17
55,3,Fathers Day,2013-06-16
56,3,Fathers Day,2014-06-15
57,3,Fathers Day,2015-06-21
58,3,Fathers Day,2016-06-19
59,3,Fathers Day,2017-06-18
60,3,Fathers Day,2018-06-17
61,3,Fathers Day,2019-06-16
62,3,Fathers Day,2020-06-21
63,4,Halloween,2000-10-31
64,4,Halloween,2001-10-31
65,4,Halloween,2002-10-31
66,4,Halloween,2003-10-31
67,4,Halloween,2004-10-31
68,4,Halloween,2005-10-31
69,4,Halloween,2006-10-31
70,4,Halloween,2007-10-31
71,4,Halloween,2008-10-31
72,4,Halloween,2009-10-31
73,4,Halloween,2010-10-31
74,4,Halloween,2011-10-31
75,4,Halloween,2012-10-31
76,4,Halloween,2013-10-31
77,4,Halloween,2014-10-31
78,4,Halloween,2015-10-31
79,4,Halloween,2016-10-31
80,4,Halloween,2017-10-31
81,4,Halloween,2018-10-31
82,4,Halloween,2019-10-31
83,4,Halloween,2020-10-31
84,5,July 4th,2000-07-04
85,5,July 4th,2001-07-04
86,5,July 4th,2002-07-04
87,5,July 4th,2003-07-04
88,5,July 4th,2004-07-04
89,5,July 4th,2005-07-04
90,5,July 4th,2006-07-04
91,5,July 4th,2007-07-04
92,5,July 4th,2008-07-04
93,5,July 4th,2009-07-04
94,5,July 4th,2010-07-04
95,5,July 4th,2011-07-04
96,5,July 4th,2012-07-04
97,5,July 4th,2013-07-04
98,5,July 4th,2014-07-04
99,5,July 4th,2015-07-04
100,5,July 4th,2016-07-04
101,5,July 4th,2017-07-04
102,5,July 4th,2018-07-04
103,5,July 4th,2019-07-04
104,5,July 4th,2020-07-04
105,6,Labor Day,2000-09-04
106,6,Labor Day,2001-09-03
107,6,Labor Day,2002-09-02
108,6,Labor Day,2003-09-01
109,6,Labor Day,2004-09-06
110,6,Labor Day,2005-09-05
111,6,Labor Day,2006-09-04
112,6,Labor Day,2007-09-03
113,6,Labor Day,2008-09-01
114,6,Labor Day,2009-09-07
115,6,Labor Day,2010-09-06
116,6,Labor Day,2011-09-05
117,6,Labor Day,2012-09-03
118,6,Labor Day,2013-09-02
119,6,Labor Day,2014-09-01
120,6,Labor Day,2015-09-07
121,6,Labor Day,2016-09-05
122,6,Labor Day,2017-09-04
123,6,Labor Day,2018-09-03
124,6,Labor Day,2019-09-02
125,6,Labor Day,2020-09-07
126,7,Memorial Day,2000-05-29
127,7,Memorial Day,2001-05-28
128,7,Memorial Day,2002-05-27
129,7,Memorial Day,2003-05-26
130,7,Memorial Day,2004-05-31
131,7,Memorial Day,2005-05-30
132,7,Memorial Day,2006-05-29
133,7,Memorial Day,2007-05-28
134,7,Memorial Day,2008-05-26
135,7,Memorial Day,2009-05-25
136,7,Memorial Day,2010-05-31
137,7,Memorial Day,2011-05-30
138,7,Memorial Day,2012-05-28
139,7,Memorial Day,2013-05-27
140,7,Memorial Day,2014-05-26
141,7,Memorial Day,2015-05-25
142,7,Memorial Day,2016-05-30
143,7,Memorial Day,2017-05-29
144,7,Memorial Day,2018-05-28
145,7,Memorial Day,2019-05-27
146,7,Memorial Day,2020-05-25
147,8,Mothers Day,2000-05-14
148,8,Mothers Day,2001-05-13
149,8,Mothers Day,2002-05-12
150,8,Mothers Day,2003-05-11
151,8,Mothers Day,2004-05-09
152,8,Mothers Day,2005-05-08
153,8,Mothers Day,2006-05-14
154,8,Mothers Day,2007-05-13
155,8,Mothers Day,2008-05-11
156,8,Mothers Day,2009-05-10
157,8,Mothers Day,2010-05-09
158,8,Mothers Day,2011-05-08
159,8,Mothers Day,2012-05-13
160,8,Mothers Day,2013-05-12
161,8,Mothers Day,2014-05-11
162,8,Mothers Day,2015-05-10
163,8,Mothers Day,2016-05-08
164,8,Mothers Day,2017-05-14
165,8,Mothers Day,2018-05-13
166,8,Mothers Day,2019-05-12
167,8,Mothers Day,2020-05-10
168,9,New Years,2000-01-01
169,9,New Years,2001-01-01
170,9,New Years,2002-01-01
171,9,New Years,2003-01-01
172,9,New Years,2004-01-01
173,9,New Years,2005-01-01
174,9,New Years,2006-01-01
175,9,New Years,2007-01-01
176,9,New Years,2008-01-01
177,9,New Years,2009-01-01
178,9,New Years,2010-01-01
179,9,New Years,2011-01-01
180,9,New Years,2012-01-01
181,9,New Years,2013-01-01
182,9,New Years,2014-01-01
183,9,New Years,2015-01-01
184,9,New Years,2016-01-01
185,9,New Years,2017-01-01
186,9,New Years,2018-01-01
187,9,New Years,2019-01-01
188,9,New Years,2020-01-01
189,10,Thanksgiving,2000-11-23
190,10,Thanksgiving,2001-11-22
191,10,Thanksgiving,2002-11-28
192,10,Thanksgiving,2003-11-27
193,10,Thanksgiving,2004-11-25
194,10,Thanksgiving,2005-11-24
195,10,Thanksgiving,2006-11-23
196,10,Thanksgiving,2007-11-22
197,10,Thanksgiving,2008-11-27
198,10,Thanksgiving,2009-11-26
199,10,Thanksgiving,2010-11-25
200,10,Thanksgiving,2011-11-24
201,10,Thanksgiving,2012-11-22
202,10,Thanksgiving,2013-11-28
203,10,Thanksgiving,2014-11-27
204,10,Thanksgiving,2015-11-26
205,10,Thanksgiving,2016-11-24
206,10,Thanksgiving,2017-11-23
207,10,Thanksgiving,2018-11-22
208,10,Thanksgiving,2019-11-28
209,10,Thanksgiving,2020-11-26
210,11,Valentines Day,2000-02-14
211,11,Valentines Day,2001-02-14
212,11,Valentines Day,2002-02-14
213,11,Valentines Day,2003-02-14
214,11,Valentines Day,2004-02-14
215,11,Valentines Day,2005-02-14
216,11,Valentines Day,2006-02-14
217,11,Valentines Day,2007-02-14
218,11,Valentines Day,2008-02-14
219,11,Valentines Day,2009-02-14
220,11,Valentines Day,2010-02-14
221,11,Valentines Day,2011-02-14
222,11,Valentines Day,2012-02-14
223,11,Valentines Day,2013-02-14
224,11,Valentines Day,2014-02-14
225,11,Valentines Day,2015-02-14
226,11,Valentines Day,2016-02-14
227,11,Valentines Day,2017-02-14
228,11,Valentines Day,2018-02-14
229,11,Valentines Day,2019-02-14
230,11,Valentines Day,2020-02-14
